,,,Updated Weekly,Last Updated:,,,,2026-02-01,Join Discord,Join /r/Displate,Sales data from eBay (since February 2021),,,,,,
ID,Release Date,Image,Name / Link,Quantity,Type,Number,Cost,Artist,Normal Version,Normal Name / Link,# Resales,High Price,Weighted Avg,Avg Price,Low Price,Total Sales,Last Sale
2142476,4/6/2020,,The New York Flow,100,LE,1st,$139,Retina Creative,,New York,0,,,,,,
2145124,4/6/2020,,The London Birds-eye,100,LE,2nd,$139,Retina Creative,,London,0,,,,,,
2145185,4/6/2020,,Fearless Fox,100,LE,3rd,$139,Tomasz Dąbek,,Fox - sketch,2,"$1,336","$1,336",$993,$650,"$1,986",4/24/2024
2152065,4/6/2020,,Moonlight Dusk,100,LE,4th,$139,SpaceFrog Designs,,Evening Mist,4,"$1,640","$1,639","$1,098",$791,"$4,391",7/7/2024
2175915,4/16/2020,,Underwater Flight,100,LE,5th,$139,SpaceFrog Designs,,Metallic Stingray,3,"$1,301","$1,301",$831,$591,"$2,492",7/18/2024
2252924,4/23/2020,,Heart of Paris,100,LE,6th,$139,Retina Creative,,Paris,0,,,,,,
2295351,4/30/2020,,Destination: Earth,100,LE,7th,$139,Tobias Roetsch,,A Portrait of the Solar System: Earth,5,"$2,800","$1,689","$1,725",$700,"$8,627",1/4/2025
2344052,5/7/2020,,Wild Wolf,100,LE,8th,$139,Tomasz Dąbek,,Wolf - sketch,2,"$1,950","$1,948","$1,425",$900,"$2,850",4/24/2024
2388976,5/14/2020,,Lord of the Sith,100,LE,9th,$139,Star Wars,,Lord Graffiti Helmet,4,"$1,179","$1,179",$583,$200,"$2,334",3/20/2023
2458633,5/21/2020,,Destination: Mars,100,LE,10th,$139,Tobias Roetsch,,A Portrait of the Solar System: Mars,5,"$2,942","$1,393","$1,815","$1,199","$9,076",10/20/2025
2519487,5/28/2020,,Gotham Knight,100,LE,11th,$139,DC Comics,,Black Mirror,5,$892,$892,$578,$337,"$2,892",1/31/2026
2588328,6/4/2020,,Black Hole,100,LE,12th,$139,Retina Creative,N/A,N/A,7,"$3,630","$3,504","$1,700",$230,"$11,900",9/28/2024
2663620,6/11/2020,,Majestic Tiger,100,LE,13th,$139,Tomasz Dąbek,,White Tiger,4,"$1,925",$57,$666,$57,"$2,665",5/1/2025
2716196,6/18/2020,,Natural reflections,100,LE,14th,$139,Herri Susanto,,Shine like the sun,5,"$1,301","$1,297",$679,$156,"$3,394",7/18/2024
2801764,6/25/2020,,King of the Jungle,100,LE,15th,$139,Tomasz Dąbek,,Abstract Lion Head,4,"$1,631","$1,631",$603,$135,"$2,413",4/24/2024
2895577,7/2/2020,,The Stone Knight,100,LE,16th,$139,Kingdom Come Deliverance,,Key Art 3,6,$900,$216,$493,$216,"$2,960",12/19/2024
2908108,7/9/2020,,Destination: Saturn,100,LE,17th,$139,Tobias Roetsch,,A Portrait of the Solar System: Saturn,10,"$2,240",$840,$856,$57,"$8,562",4/11/2025
2908206,7/16/2020,,The Man of Steel,100,LE,18th,$139,DC Comics,,Superman,1,$900,$900,$900,$900,$900,1/10/2024
2908256,7/23/2020,,Flaming Guitar,100,LE,19th,$139,Mr Jackpots,N/A,N/A,5,$254,$183,$178,$113,$889,12/5/2024
3281914,7/30/2020,,Batman On Patrol,100,LE,20th,$139,DC Comics,,7/1/2005,5,"$2,270",$653,"$1,119",$125,"$5,596",5/28/2024
3382563,8/6/2020,,Dark Beauty,100,LE,21st,$139,RIZA PEKER,,Day To Night,3,"$1,900","$1,900","$1,463","$1,088","$4,388",8/21/2024
3466976,8/13/2020,,Neon Cityscape,100,LE,22nd,$139,Benny Productions,,Neon City,8,"$2,161",$946,"$1,305",$130,"$10,444",1/21/2026
3551861,8/20/2020,,Cosmic Sapphire,100,LE,23rd,$139,Tobias Roetsch,,Peerless Sapphire,5,"$1,122","$1,122",$441,$226,"$2,204",7/18/2023
3593006,8/27/2020,,Essential New York,100,LE,24th,$139,Retina Creative,N/A,N/A,3,$500,$218,$298,$181,$895,3/4/2023
3637755,9/3/2020,,Smokin' Saxophone,100,LE,25th,$139,Mr Jackpots,N/A,N/A,4,$505,$322,$367,$255,"$1,469",10/24/2022
3671408,9/10/2020,,Superman Triumphant,100,LE,26th,$139,DC Comics,,Superman,7,"$1,400",$599,$764,$453,"$5,346",11/30/2025
3729716,9/17/2020,,Visions of Japan,100,LE,27th,$139,Daisj Ingrosso,,Japan Dream,1,$165,$165,$165,$165,$165,8/3/2022
3768172,9/24/2020,,Golden Tangle,200,LE,28th,$139,SpaceFrog Designs,,Balance,5,"$1,560","$1,193","$1,006",$208,"$5,030",7/18/2024
3809589,10/1/2020,,Lady of Secrets,200,LE,29th,$139,RIZA PEKER,,QUEEN OF SKULLS II,6,"$2,386",$816,"$1,406",$250,"$8,434",6/1/2025
3841442,10/8/2020,,Chromatic Dragon,200,LE,30th,$139,Stefan Koidl,,Sky dragon,23,"$2,800","$2,763","$1,015",$169,"$23,338",8/21/2024
3888050,10/15/2020,,"Beware, Humankind!",200,LE,31st,$139,Destroy All Humans,N/A,N/A,9,$440,$243,$283,$158,"$2,549",11/29/2024
3919033,10/22/2020,,The Monster Slayer,300,LE,32nd,$139,Witcher 3,N/A,N/A,13,"$1,030",$267,$406,$150,"$5,280",5/12/2025
3950812,10/29/2020,,Dazzling Highbury,200,LE,33rd,$139,Arsenal,,Highbury Exterior,1,$150,$150,$150,$150,$150,8/26/2021
3967492,11/5/2020,,The Preparation,200,LE,34th,$139,Marine Loup,,the way of the samurai,5,$989,$771,$688,$366,"$3,440",6/14/2023
3997435,11/12/2020,,Clan of Two,300,LE,35th,$139,Star Wars,,A Clan of Two,15,"$1,017",$704,$578,$220,"$8,671",12/6/2023
3989646,11/19/2020,,To Remake a Soul,200,LE,36th,$139,VaatiVidya,,To Remake a Demonic Soul,11,"$1,099",$407,$541,$50,"$5,949",8/14/2025
4040690,11/26/2020,,Catwoman On The Prowl,200,LE,37th,$139,DC Comics,,Catwoman,4,$500,$204,$260,$153,"$1,040",6/27/2022
4073136,12/3/2020,,The Fabulous Koi Fish,200,LE,38th,$139,SpaceFrog Designs,,Metallic Koi,4,"$1,570",$744,"$1,114",$667,"$4,457",8/21/2024
4119373,12/10/2020,,Head Explorer,200,LE,39th,$139,Inward,,Think,8,"$2,161",$907,"$1,310",$130,"$10,481",6/1/2025
4153053,12/17/2020,,Meet the Tyger Claws,300,LE,40th,$139,Cyberpunk 2077,N/A,N/A,34,"$3,000","$1,383","$1,309",$130,"$44,501",12/1/2025
4181831,12/24/2020,,Radiant Wonder Woman,200,LE,41st,$139,DC Comics,N/A,N/A,2,$327,$324,$314,$300,$627,6/16/2023
4209042,12/31/2020,,I Will Keep You Safe,200,LE,42nd,$139,Star Wars,,Mandalorian with the Child,15,$600,$227,$355,$130,"$5,320",7/19/2025
4227125,1/7/2021,,Dragon Attack,300,LE,43rd,$139,J23 Production,,Dragon Attack,19,"$3,666","$2,963","$1,109",$193,"$21,074",10/9/2024
4247043,1/14/2021,,Missed me?,200,LE,44th,$139,Eden Design,N/A,N/A,6,$540,$216,$310,$176,"$1,863",10/16/2025
4284028,1/21/2021,,Astronaut Out,200,LE,45th,$139,Mr Jackpots,N/A,N/A,14,"$2,900",$158,$932,$150,"$13,043",12/21/2025
4303905,1/28/2021,,Gate to elsewhere,200,LE,46th,$139,Inward,,Teleportation Service,14,"$1,350",$555,$761,$240,"$10,657",1/28/2026
4333009,2/4/2021,,Hitman,200,LE,47th,$139,Hitman,,HITMAN 3,18,$615,$321,$312,$166,"$5,621",8/8/2024
4356782,2/11/2021,,Mask of the Samurai,200,LE,48th,$139,Alberto Perez,,Samurai mask,23,$650,$569,$369,$192,"$8,488",2/13/2025
4376806,2/18/2021,,The Moon Tarot Card,200,LE,49th,$139,Woo Hoo,,Tarot Card THE MOON,19,"$1,963","$1,768",$746,$135,"$14,183",10/9/2025
4395752,2/25/2021,,A Galactic Graveyard,200,LE,50th,$139,NASA,,Galactic Graveyard,17,$707,$300,$315,$108,"$5,355",5/16/2024
4418571,3/4/2021,,Miles Morales,300,LE,51st,$139,Marvel,,Miles Morales,38,$890,$400,$448,$86,"$17,036",7/27/2024
4439252,3/11/2021,,Brothers in Arms,200,LE,52nd,$139,Darksiders,N/A,N/A,14,"$1,100","$1,086",$283,$150,"$3,962",12/7/2024
4464767,3/18/2021,,The Bounty Hunter,500,LE,53rd,$139,Star Wars,,Boba Graffiti Helmet,41,$655,$258,$320,$198,"$13,106",3/31/2025
4489153,3/25/2021,,Sushi Dragon Attack!,200,LE,54th,$139,Ilustrata,,GREAT SUSHI DRAGON,17,"$2,000",$102,$775,$100,"$13,176",6/1/2025
4511091,4/1/2021,,Frail beauty,200,LE,55th,$139,Anato Finnstark,,So frail,23,"$2,841","$2,243","$1,225",$198,"$28,164",6/1/2025
4531608,4/8/2021,,Face the Wolf,300,LE,56th,$139,Animal Planet,N/A,N/A,23,$453,$200,$280,$180,"$6,435",12/8/2025
4549905,4/15/2021,,Call me Firewalker,300,LE,57th,$139,Disco Elysium,,Firewalker,11,$250,$45,$180,$45,"$1,983",5/1/2025
4570400,4/22/2021,,Night hunt,500,LE,58th,$139,Hitman,,Chongqing Hitman,24,$533,$276,$270,$100,"$6,473",6/20/2025
4591243,4/29/2021,,Tiger Dreams,500,LE,59th,$139,Jonna Hyttinen,,In The Darkness Tiger,17,$545,$395,$328,$121,"$5,572",12/29/2023
4611259,5/6/2021,,The Sun Tarot Card,300,LE,60th,$139,Woo Hoo,,Tarot Card THE SUN,28,"$1,000",$302,$423,$55,"$11,839",12/21/2025
4634404,5/13/2021,,Power Armor Helmet,500,LE,61st,$139,Fallout,,Power Armor Helmet,22,"$1,300",$550,$484,$176,"$10,654",3/25/2025
4662130,5/20/2021,,Torii Tranquility,500,LE,62nd,$139,Ruby Art,,Japan Blue Collection Tori,56,"$1,600",$565,$603,$121,"$33,743",12/3/2025
4690241,5/27/2021,,Dark Meditation,300,LE,63rd,$139,Anato Finnstark,N/A,N/A,33,$500,$203,$229,$42,"$7,567",11/3/2025
4713436,6/3/2021,,The Dragonborn Comes,500,LE,64th,$139,The Elder Scrolls,,The Dragonborn Comes,68,$963,$400,$288,$118,"$19,585",3/1/2025
4734406,6/10/2021,,Spirit of the Forest,500,LE,65th,$139,Jonna Hyttinen,N/A,N/A,46,$900,$290,$363,$136,"$16,695",11/28/2025
4755849,6/17/2021,,Yin & Yang In Balance,1000,LE,66th,$139,Ruby Art,,Koi Fish Yin Yang RubyArt,56,"$1,000",$329,$467,$129,"$26,176",11/28/2025
4780952,6/24/2021,,Dragon Slayer,1000,LE,67th,$139,J23 Production,N/A,N/A,34,$304,$287,$196,$64,"$6,674",11/13/2024
4805416,7/1/2021,,New Hope (1 of 3),1000,LE,68th,$139,Star Wars,N/A,N/A,159,"$1,600",$315,$391,$155,"$62,181",1/14/2026
4825368,7/8/2021,,Black Widow Poster,1000,LE,69th,$139,Marvel,N/A,N/A,38,$309,$98,$187,$48,"$7,104",1/24/2026
4848333,7/15/2021,,Facing Oblivion,700,LE,70th,$139,Benny Productions,,Oblivion,48,"$1,414",$360,$412,$100,"$19,756",1/19/2026
4863616,7/22/2021,,Ghostly Geisha,700,LE,71st,$139,Kitsune Yumiko,,Ghostly Geisha,55,"$1,192",$484,$584,$200,"$32,106",7/3/2025
4878959,7/29/2021,,The Star Tarot Card,700,LE,72nd,$139,Woo Hoo,,Tarot Card THE STAR,64,$859,$204,$300,$76,"$19,202",3/8/2025
4805465,8/5/2021,,The Empire (2 of 3),1000,LE,73rd,$139,Star Wars,N/A,N/A,178,"$1,457",$398,$340,$148,"$60,600",11/20/2025
4909641,8/12/2021,,Mount Fuji,1000,LE,74th,$139,Ruby Art,,Mount Fuji,115,$667,$308,$253,$62,"$29,071",1/13/2026
4925462,8/19/2021,,Thomas Shelby,500,LE,75th,$139,Peaky Blinders,,Thomas Shelby,28,$417,$177,$198,$55,"$5,552",7/5/2025
4942856,8/26/2021,,Trial By Fire,1000,LE,76th,$139,Eden Design,N/A,N/A,85,$450,$196,$219,$102,"$18,607",12/15/2025
4805389,9/2/2021,,The Jedi (3 of 3),1000,LE,77th,$139,Star Wars,,Return of the Jedi,319,$500,$230,$286,$113,"$91,373",1/22/2026
4974008,9/9/2021,,Venom Strikes (1 of 3),1000,LE,78th,$139,Marvel,N/A,N/A,102,$275,$148,$166,$90,"$16,938",9/18/2025
4991931,9/16/2021,,Kitsune (1 of 3),1000,LE,79th,$139,Jonna Hyttinen,,Kitsune,111,$653,$210,$374,$189,"$41,552",1/19/2026
5009350,9/23/2021,,Gotham On Fire,1000,LE,80th,$139,DC Comics,N/A,N/A,74,$300,$149,$153,$39,"$11,353",1/9/2026
5026103,9/30/2021,,Witcher on the Hunt,1500,LE,81st,$139,Witcher 3,,Witcher on the Hunt,75,$545,$116,$229,$60,"$17,189",9/15/2025
5042861,10/7/2021,,Visions of Lord Vader™,1500,LE,82nd,$139,Star Wars,,Darth Vader,66,$425,$392,$221,$132,"$14,567",12/25/2025
4974109,10/14/2021,,Loki Rules (2 of 3),1000,LE,83rd,$139,Marvel,N/A,N/A,25,$280,$105,$153,$1,"$3,815",9/2/2025
4992003,10/21/2021,,Jörmungandr (2 of 3),1000,LE,84th,$139,Jonna Hyttinen,,Jormungandr ,118,$320,$200,$217,$99,"$25,561",1/6/2026
5098826,10/28/2021,,Nuka-Cola Quantum,1000,LE,85th,$139,Fallout,,Nuka Cola Quantum,67,$825,$592,$394,$180,"$26,377",10/27/2025
5112208,11/4/2021,,The World Tarot Card,1000,LE,86th,$139,Woo Hoo,,Tarot Card THE WORLD,59,$250,$99,$176,$70,"$10,359",9/4/2025
4974133,11/11/2021,,Deadpool Wins (3 of 3),1000,LE,87th,$139,Marvel,N/A,N/A,27,$262,$176,$180,$80,"$4,855",9/24/2025
5144160,11/18/2021,,Alduin the World Eater,1000,LE,88th,$139,The Elder Scrolls,,Alduin,61,$650,$449,$306,$187,"$18,682",10/20/2025
4992065,11/25/2021,,The Phoenix (3 of 3),1000,LE,89th,$139,Jonna Hyttinen,N/A,N/A,109,$450,$141,$205,$122,"$22,395",9/22/2025
5190171,12/2/2021,,A Knight and his Wolf,1000,LE,90th,$139,Eden Design,N/A,N/A,45,$310,$136,$193,$96,"$8,705",8/24/2025
5210138,12/9/2021,,Ghostly Samurai,1000,LE,91st,$139,Kitsune Yumiko,,Ghostly Samurai,117,$458,$66,$239,$29,"$27,908",2/1/2026
5225550,12/16/2021,,Spirit of the Sea,1000,LE,92nd,$139,Jonna Hyttinen,,Water octopus,37,$816,$277,$324,$150,"$11,984",9/28/2025
5241937,12/23/2021,,Tokyo Skyline,700,LE,93rd,$139,Studio 324,,Visiting Tokyo,49,$366,$220,$242,$82,"$11,853",8/27/2025
5254832,12/30/2021,,Eivor Rising,700,LE,94th,$139,Assassin's Creed,,Eivor Rising,32,$260,$106,$159,$39,"$5,090",11/9/2025
5264365,1/6/2022,,Marvel's Spider-Man,1500,LE,95th,$139,Marvel,,Marvel's Spider-Man,97,$475,$94,$194,$63,"$18,771",12/8/2025
5277967,1/13/2022,,Shattered (1 of 3),1000,LE,96th,$139,Tobias Roetsch,,Shattered,78,$300,$113,$169,$76,"$13,157",1/21/2026
5290841,1/20/2022,,Ghostly Ninja,1500,LE,97th,$139,Kitsune Yumiko,,Ghostly Ninja,71,$342,$82,$143,$40,"$10,187",12/27/2025
5305105,1/27/2022,,Pouncing Tiger,1500,LE,98th,$139,Woo Hoo,,Pouncing Tiger,45,$281,$68,$152,$50,"$6,851",12/11/2025
5318270,2/3/2022,,The Book of Boba Fett,1500,LE,99th,$139,Star Wars,,Boba Fett Poster,146,$322,$209,$193,$85,"$28,205",10/26/2025
5328572,2/10/2022,,The Blast (2 of 3),1000,LE,100th,$139,Tobias Roetsch,,The Blast,45,$350,$139,$188,$91,"$8,460",10/20/2025
5340677,2/17/2022,,Spirit of Fire,1000,LE,101st,$139,Jonna Hyttinen,,Zhuque,42,$300,$147,$190,$52,"$7,981",10/6/2025
5352811,2/24/2022,,DOOM Has Arrived,1500,LE,102nd,$139,DOOM,,DOOM has arrived,44,$584,$245,$253,$100,"$11,130",12/18/2025
5365047,3/3/2022,,Enemies of Gotham,1500,LE,103rd,$139,DC Comics,,Batman,32,$350,$113,$158,$88,"$5,041",8/1/2025
5377710,3/10/2022,,The Swallow (1 of 3),1000,LE,104th,$139,The Witcher Series,N/A,N/A,26,$284,$128,$195,$90,"$5,076",1/17/2025
5389905,3/17/2022,,The Breach (3 of 3),1000,LE,105th,$139,Tobias Roetsch,,The Breach,35,$300,$139,$178,$68,"$6,224",10/20/2025
5391476,3/24/2022,,Moonlight Assassin,1000,LE,106th,$139,Icosphere,N/A,N/A,97,$550,$98,$322,$97,"$31,264",12/20/2025
5404116,3/31/2022,,The Dreamwatcher,1000,LE,107th,$139,Danielle English,,Light of the Dark,30,$321,$200,$225,$103,"$6,756",10/20/2025
5409162,4/1/2022,,Stand with Ukraine,2022,LE,108th,$139,Stanislav Lunin,,Welcome to free Ukraine,27,$309,$188,$177,$74,"$4,791",3/15/2025
5409166,4/7/2022,,The Wolf (2 of 3),1000,LE,109th,$139,The Witcher Series,N/A,N/A,19,$322,$50,$168,$50,"$3,185",8/18/2025
5409167,4/14/2022,,Run! Gamma Ray Ghouls!,700,LE,110th,$139,NASA,,Gamma Ray Ghouls,15,$250,$182,$159,$103,"$2,388",1/10/2025
5404117,4/21/2022,,A Knight In Flames,1000,LE,111th,$139,Dominik Mayer,N/A,N/A,60,$879,$178,$331,$157,"$19,832",1/21/2026
5445065,4/28/2022,,Dragon of the North,1000,LE,112th,$139,Stefan Koidl,,Dragon of the North,65,$325,$188,$222,$101,"$14,412",4/20/2025
5404124,5/5/2022,,The Phantom Menace,1000,LE,113th,$139,Star Wars,,Phantom Menace Poster,126,$510,$213,$245,$109,"$30,873",11/27/2025
5447039,5/12/2022,,The Forbidden Temple,1500,LE,114th,$139,Icosphere,N/A,N/A,97,$514,$78,$214,$75,"$20,762",12/20/2025
5472859,5/19/2022,,Champion de France,700,LE,115th,$139,Paris Saint-Germain,N/A,N/A,7,$175,$149,$118,$69,$824,4/18/2024
5447031,5/26/2022,,The Sorceress (3 of 3),1000,LE,116th,$139,The Witcher Series,N/A,N/A,17,$309,$115,$144,$75,"$2,448",1/18/2026
5472936,6/2/2022,,Dragon Cave,1000,LE,117th,$139,Stefan Koidl,N/A,N/A,56,$375,$141,$205,$99,"$11,459",12/20/2025
5495542,6/9/2022,,New York Skyline,700,LE,118th,$139,Studio 324,,Travel to NYC by Day,30,$400,$149,$176,$92,"$5,274",12/4/2025
5473017,6/16/2022,,Ezio Auditore,1000,LE,119th,$139,Assassin's Creed,,Ezio Auditore da Firenze,66,$524,$190,$267,$74,"$17,628",2/1/2026
5404130,6/23/2022,,Attack of the Clones,1000,LE,120th,$139,Star Wars,,Attack of the Clones,140,$752,$179,$271,$122,"$38,010",11/26/2025
5473037,6/30/2022,,The Upside Down,1000,LE,121st,$139,Stranger Things Series,,Upside Down,44,$408,$138,$186,$35,"$8,169",1/9/2026
5484716,7/7/2022,,Chinese Beauty,1000,LE,122nd,$139,Kitsune Yumiko,,Chinese Beauty,32,$476,$190,$256,$108,"$8,203",5/28/2025
5473001,7/14/2022,,T-Rex On The Loose,1000,LE,123rd,$139,Jurassic World,,T-Rex On The Loose,69,$482,$263,$250,$108,"$17,226",1/29/2026
5404133,7/21/2022,,Revenge of the Sith™,1000,LE,124th,$139,Star Wars,,Revenge of the Sith,325,$478,$125,$234,$56,"$76,187",12/24/2025
5619334,7/28/2022,,Ragnarok is coming,1000,LE,125th,$139,ikaruna,,Ragnarok is coming,133,$504,$161,$231,$94,"$30,775",1/19/2026
5655756,8/4/2022,,Spider-Man In Action!,1000,LE,126th,$139,Marvel,N/A,N/A,84,$850,$194,$177,$78,"$14,853",1/14/2026
5683373,8/11/2022,,The Night Rider,1000,LE,127th,$139,Dominik Mayer,N/A,N/A,112,$498,$234,$228,$128,"$25,493",11/26/2025
5619336,8/18/2022,,Samurai Ascension,1500,LE,128th,$139,Icosphere,N/A,N/A,92,$523,$69,$189,$66,"$17,399",12/20/2025
5638144,8/25/2022,,Xenomorph Queen,700,LE,129th,$139,Alien,N/A,N/A,94,$306,$167,$166,$88,"$15,583",10/1/2025
5638146,9/1/2022,,Clashing Spades,1000,LE,130th,$139,Kitsune Yumiko,,Clashing Spades,58,$961,$150,$312,$5,"$18,113",10/19/2025
5737886,9/6/2022,,The Watatsumi,300,ULE,1st,$289,Ruby Art,N/A,N/A,85,$800,$274,$455,$218,"$38,709",1/11/2026
5638147,9/8/2022,,USS Enterprise,1000,LE,131st,$139,Star Trek,,USS Enterprise,46,$407,$275,$229,$124,"$10,525",10/28/2025
5760274,9/15/2022,,Claimed by the Abyss,1000,LE,132nd,$139,Nicebleed,N/A,N/A,71,$692,$222,$252,$122,"$17,896",8/14/2025
5553169,9/22/2022,,Destroyer of Worlds,700,LE,133rd,$139,MokinaArt,N/A,N/A,117,$450,$135,$204,$82,"$23,862",1/11/2026
5710687,9/29/2022,,Street Race,700,LE,134th,$139,Purple Eyes,N/A,N/A,17,$200,$107,$143,$91,"$2,433",1/30/2026
5739805,10/4/2022,,Sun and Moon,300,ULE,2nd,$289,Jonna Hyttinen,N/A,N/A,87,$670,$405,$415,$230,"$36,121",11/3/2025
5812751,10/6/2022,,Under the Lion’s gaze,700,LE,135th,$139,AlisaZet,,Under the Lions gaze,47,$280,$186,$169,$80,"$7,920",8/18/2025
5805014,10/13/2022,,The Dragon Hunter,1500,LE,136th,$139,Stefan Koidl,N/A,N/A,39,$228,$32,$129,$31,"$5,033",12/20/2025
5821364,10/20/2022,,Deadly Embrace,1500,LE,137th,$139,Anato Finnstark,,Deadly embrace,61,$496,$191,$207,$106,"$12,601",12/16/2025
5821366,10/27/2022,,The Necromancer Rises,1500,LE,138th,$139,Eden Design,,The Necromancer Rises,54,$250,$127,$147,$58,"$7,956",1/16/2026
5473040,11/3/2022,,A Real Femme Fatale,1000,LE,139th,$139,Resident Evil Village,N/A,N/A,18,$291,$159,$170,$77,"$3,069",1/29/2026
5852812,11/8/2022,,The Mountain Temple,500,ULE,3rd,$289,Icosphere,N/A,N/A,96,$550,$297,$351,$117,"$33,727",4/17/2025
5710685,11/10/2022,,March of the Griffins,1000,LE,140th,$139,Stefan Koidl,N/A,N/A,17,$275,$107,$150,$80,"$2,553",10/23/2025
5832319,11/17/2022,,Meet the Valentinos,1000,LE,141st,$139,Cyberpunk 2077,N/A,N/A,50,$532,$210,$268,$114,"$13,406",11/4/2025
5781908,11/24/2022,,Master of all Elements,1000,LE,142nd,$139,Avatar: The Last Airbender,,Avatar Aang vs Ozai,80,$487,$158,$225,$152,"$17,995",5/27/2025
5884443,12/1/2022,,Fáfnir's Lair,700,LE,143rd,$139,ikaruna,,Sigurd meets Fafnir,37,$270,$92,$164,$63,"$6,083",10/30/2025
5928891,12/6/2022,,Witcher on the Path,500,ULE,4th,$289,Witcher 3,N/A,N/A,83,$600,$544,$360,$187,"$29,844",1/24/2026
5921079,12/8/2022,,It’s time to go Back!,700,LE,144th,$139,Back To The Future,,It’s time to go Back!,95,$400,$185,$210,$119,"$19,908",1/28/2026
5903041,12/15/2022,,Live by the sword,700,LE,145th,$139,Adam Spizak,,The Ghost of Vengeance,43,$301,$119,$193,$69,"$8,284",11/27/2025
5902920,12/22/2022,,False Gods,700,LE,146th,$139,MrWerewolf,N/A,N/A,12,$250,$188,$163,$96,"$1,957",2/12/2025
5854361,12/29/2022,,A Roll To Die For,1000,LE,147th,$139,Dungeons and Dragons,,Ancient Red Dragon & Gold,139,"$1,997",$436,$325,$124,"$45,152",1/31/2026
5987627,1/3/2023,,Ghostly Sails,500,ULE,5th,$289,Dominik Mayer,N/A,N/A,60,$679,$404,$406,$233,"$24,337",11/15/2025
5987488,1/5/2023,,The Lich King,1500,LE,148th,$139,World Of Warcraft,,Arthas Menethil,125,$347,$197,$205,$80,"$25,615",1/23/2026
5987497,1/12/2023,,A Daring Escape,700,LE,149th,$139,JoshKasperCreative,N/A,N/A,44,$242,$85,$181,$49,"$7,954",12/28/2025
5991520,1/19/2023,,Lava Leopard,1000,LE,150th,$139,Louise Goalby,,Lava Leopard,23,$332,$88,$156,$81,"$3,578",10/30/2025
6050008,1/26/2023,,Heart of poison,1000,LE,151st,$139,RIZA PEKER,N/A,N/A,41,$354,$118,$214,$69,"$8,788",1/28/2026
5930289,2/2/2023,,The Fields of Elysium,1000,LE,152nd,$139,Dominik Mayer,N/A,N/A,30,$298,$88,$192,$79,"$5,760",12/31/2025
6096734,2/7/2023,,World Tree Yggdrasil,500,ULE,6th,$289,ikaruna,,Yggdrasil Norse World Tree,44,$587,$387,$372,$168,"$16,386",12/1/2025
6077956,2/9/2023,,The Morning Cat,1000,LE,153rd,$139,Valmue,N/A,N/A,96,$350,$167,$212,$65,"$20,309",1/28/2026
6011333,2/16/2023,,A Handful of Galaxy,1000,LE,154th,$139,Tobias Roetsch,,Regulator,17,$278,$180,$199,$111,"$3,377",5/13/2025
6120252,2/23/2023,,Souls of the Future,1500,LE,155th,$139,VaatiVidya,,Future Souls,14,$199,$160,$160,$82,"$2,241",6/23/2025
6120241,3/2/2023,,The Great Ramen Wave,1000,LE,156th,$139,Ilustrata,,THE GREAT RAMEN OFF KANAGA,31,$440,$235,$232,$142,"$7,178",1/26/2026
6120268,3/7/2023,,Surrounded!,500,ULE,7th,$289,Stefan Koidl,N/A,N/A,12,$365,$207,$216,$61,"$2,588",1/1/2026
6181143,3/9/2023,,Back to Hogwarts,1500,LE,157th,$139,Wizarding World,N/A,N/A,164,$310,$198,$201,$100,"$32,975",1/28/2026
6227021,3/16/2023,,Steampunk City,1000,LE,158th,$139,Ornamirus,,Mobila,3,$223,$104,$138,$88,$414,10/28/2025
6252666,3/23/2023,,Building Humanity 2.0,1500,LE,159th,$139,Inward,N/A,N/A,1,$237,$237,$237,$237,$237,5/21/2023
6227033,3/30/2023,,Castlevania Heroes,1000,LE,160th,$139,Castlevania,,Castlevania Night,45,$315,$197,$205,$105,"$9,207",7/19/2025
6308357,4/4/2023,,Into the unknown,500,ULE,8th,$289,Tobias Roetsch,N/A,N/A,17,$486,$371,$299,$114,"$5,082",9/5/2025
6181146,4/6/2023,,Grace In Spades,1000,LE,161st,$139,Kitsune Yumiko,,Grace In Spades,41,$308,$157,$188,$80,"$7,717",12/1/2025
6355779,4/7/2023,,Seduced by Night City,N/A,Lumino,1st,$299,Cyberpunk 2077,N/A,N/A,62,"$1,087",$591,$611,$195,"$37,889",12/8/2025
6298987,4/13/2023,,Here Be Dragons,1000,LE,162nd,$139,Eden Design,,Here Be Dragons,29,$225,$133,$144,$78,"$4,180",11/25/2025
6397983,4/20/2023,,Blessed By The Stars,1000,LE,163rd,$139,AlisaZet,,Blessed By The Stars,14,$300,$196,$135,$57,"$1,888",6/11/2025
6355789,4/21/2023,,Leaving Earth,N/A,Lumino,2nd,$299,NASA,N/A,N/A,6,$700,$409,$465,$350,"$2,791",7/2/2025
6398010,4/27/2023,,Dawn Hydra,500,LE,164th,$139,Jonna Hyttinen,,Hydra,80,$405,$133,$183,$72,"$14,639",1/11/2026
6398013,4/27/2023,,Dusk Hydra,500,LE,164th,$139,Jonna Hyttinen,,Hydra,57,$272,$131,$152,$67,"$8,646",1/11/2026
6407792,5/2/2023,,The Explorer,300,ULE,9th,$289,Florenaux,,Son Of Grace,11,$385,$329,$337,$297,"$3,707",5/13/2025
6486185,5/4/2023,,Optimus Prime,700,LE,165th,$139,Transformers,,Optimus Prime Circuit,40,$254,$138,$187,$45,"$7,489",12/17/2025
6355796,5/5/2023,,The Ambush,N/A,Lumino,3rd,$299,Design Studio,N/A,N/A,0,,,,,,
6196000,5/11/2023,,Elden Ring,1500,LE,166th,$139,ELDEN RING,,ELDEN RING key art,124,$304,$163,$205,$29,"$25,443",1/11/2026
6501143,5/18/2023,,Moment Of Glory,700,LE,167th,$139,J23 Production,N/A,N/A,9,$250,$175,$169,$97,"$1,523",10/31/2025
6355805,5/19/2023,,Cosmic Deer,N/A,Lumino,4th,$299,Jonas Jödicke,N/A,N/A,1,$18,$18,$18,$18,$18,10/10/2024
6299156,5/25/2023,,Return Of The Jedi™,1500,LE,168th,$139,Star Wars,N/A,N/A,153,$425,$135,$189,$73,"$28,899",1/2/2026
6501186,6/1/2023,,Miles Morales & Gwen,1000,LE,169th,$139,Marvel,N/A,N/A,55,$470,$161,$236,$72,"$12,974",1/31/2026
6596019,6/6/2023,,Lachesis (1 of 3),300,ULE,10th,$289,Anna Podedworna,N/A,N/A,52,"$1,588",$331,$523,$294,"$27,174",11/23/2025
6596004,6/8/2023,,The Evening Cat,1000,LE,170th,$139,Valmue,,Evening Cat,31,$336,$100,$167,$92,"$5,187",11/10/2025
6633079,6/15/2023,,Inarius In Chains,1000,LE,171st,$139,Diablo,,Inarius Chained,114,$437,$163,$196,$87,"$22,397",1/20/2026
6355812,6/16/2023,,Guardians vs Thanos,N/A,Lumino,5th,$299,Marvel,N/A,N/A,3,$317,$300,$289,$249,$866,7/27/2025
6596006,6/22/2023,,The Mandalorian Saga,1500,LE,172nd,$139,Star Wars,N/A,N/A,56,$225,$107,$148,$79,"$8,308",1/12/2026
6382260,6/29/2023,,Watatsumi Resists,1000,LE,173rd,$139,Genshin Impact,N/A,N/A,20,$265,$228,$193,$140,"$3,869",12/22/2025
6646487,7/4/2023,,The Ninja Aces,300,ULE,11th,$299,AlisaZet,N/A,N/A,34,$745,$593,$389,$255,"$13,224",1/15/2025
6698803,7/6/2023,,Batman On Watch,1000,LE,174th,$149,DC Comics,N/A,N/A,55,$350,$244,$221,$94,"$12,181",12/28/2025
6596003,7/13/2023,,A Moment’s Respite,1000,LE,175th,$149,Dark Souls,,Bonfire in the Shrine,70,$416,$152,$239,$144,"$16,763",11/28/2025
6355809,7/14/2023,,Defying the Gods,N/A,Lumino,6th,$299,Assassin's Creed,N/A,N/A,0,,,,,,
6751343,7/20/2023,,Lilith Rises,1500,LE,176th,$149,Diablo,,Lilith,38,$257,$137,$155,$7,"$5,895",12/8/2025
6323099,7/27/2023,,Spacetime,700,LE,177th,$149,Michal Dziekan,N/A,N/A,27,$491,$196,$203,$65,"$5,489",12/2/2025
6751350,8/3/2023,,This is Jurassic Park,1000,LE,178th,$149,Jurassic World,N/A,N/A,35,$543,$151,$201,$116,"$7,042",1/24/2026
6751359,8/8/2023,,Guardian of Light,300,ULE,12th,$299,ARTYA AnetaChalimoniuk,N/A,N/A,4,$500,$500,$387,$272,"$1,549",11/10/2024
6771451,8/10/2023,,The Lady And The Crow,1000,LE,179th,$149,Anato Finnstark,N/A,N/A,28,$462,$378,$252,$90,"$7,048",11/7/2025
6881264,8/13/2023,,Crystal Catacombs,N/A,Lumino,7th,$299,Avatar: The Last Airbender,N/A,N/A,6,$641,$511,$389,$175,"$2,336",12/31/2025
6648787,8/17/2023,,Kenzo the bakeneko,1000,LE,180th,$149,Jonna Hyttinen,,Bakeneko,9,$294,$125,$165,$122,"$1,482",1/25/2026
6797271,8/17/2023,,Black bakeneko,1000,LE,180th,$149,Jonna Hyttinen,,Bakeneko,9,$236,$120,$164,$50,"$1,476",12/21/2025
6555450,8/18/2023,,The Ancient One,N/A,Lumino,8th,$299,Norbert Rybb,N/A,N/A,3,$499,$424,$455,$415,"$1,364",10/4/2025
6771437,8/24/2023,,Obi-Wan Kenobi,1000,LE,181st,$149,Star Wars,,Obi-Wan Series Poster,45,$311,$96,$168,$80,"$7,580",1/18/2026
6646500,8/31/2023,,Master Chief,700,LE,182nd,$149,Halo Game,N/A,N/A,116,$750,$587,$236,$50,"$27,320",1/17/2026
6780094,9/5/2023,,Clotho (2 of 3),300,ULE,13th,$299,Anna Podedworna,N/A,N/A,33,$656,$315,$396,$280,"$13,064",11/23/2025
6648750,9/7/2023,,League of Legends Team,1500,LE,183rd,$149,League of Legends,N/A,N/A,14,$245,$144,$137,$75,"$1,915",11/11/2025
6648745,9/14/2023,,The Avengers™,1000,LE,184th,$149,Marvel,N/A,N/A,15,$232,$182,$142,$18,"$2,126",1/14/2026
6839806,9/21/2023,,Starfield,1000,LE,185th,$149,Starfield Game,N/A,N/A,9,$235,$142,$132,$38,"$1,187",6/27/2025
6846357,9/28/2023,,Grove of the Elf Druid,1000,LE,186th,$149,Icosphere,N/A,N/A,1,$162,$162,$162,$162,$162,2/24/2024
6846353,10/3/2023,,The Voodoo Boys,500,ULE,14th,$299,Cyberpunk 2077,N/A,N/A,30,$991,$356,$463,$250,"$13,897",10/28/2025
6846294,10/5/2023,,Red Kitsune,300,LE,187th,$149,Jonna Hyttinen,,Inaris Kitsune,45,$484,$242,$249,$115,"$11,224",9/23/2025
6846326,10/5/2023,,White Kitsune,1000,LE,187th,$149,Jonna Hyttinen,,Inaris Kitsune,19,$357,$91,$181,$90,"$3,430",8/28/2025
6678090,10/6/2023,,The Dragon God Bahamut,N/A,Lumino,9th,$299,Dungeons and Dragons,N/A,N/A,11,$838,$421,$515,$335,"$5,669",1/28/2026
6267149,10/12/2023,,Basim’s Path,1000,LE,188th,$149,Assassin's Creed,,Mirage Key Art,23,$282,$215,$186,$100,"$4,272",11/25/2025
6874041,10/19/2023,,Ahsoka Tano,1500,LE,189th,$149,Star Wars,,Ahsoka Series Poster,25,$300,$69,$153,$39,"$3,827",1/14/2026
6895493,10/26/2023,,Santa Muerte,1000,LE,190th,$149,AlisaZet,N/A,N/A,31,$541,$216,$277,$172,"$8,589",5/10/2025
6846335,11/2/2023,,Prince Paul Atreides,1000,LE,191st,$149,Dune,,Prince Paul,9,$205,$26,$137,$22,"$1,233",1/14/2026
6648844,11/7/2023,,Stranger Things: Vecna,500,ULE,15th,$299,Stranger Things Series,N/A,N/A,4,$490,$257,$344,$215,"$1,378",1/8/2026
6846331,11/9/2023,,The Centaur Knight,700,LE,192nd,$149,Dominik Mayer,N/A,N/A,18,$291,$179,$207,$114,"$3,718",12/29/2025
6846292,11/16/2023,,John Wick,1000,LE,193rd,$149,John Wick,,John Wick 3 Key Art,78,$300,$144,$201,$100,"$15,688",12/16/2025
6501140,11/23/2023,,Call of Duty,1000,LE,194th,$149,Call of Duty,N/A,N/A,23,$450,$72,$180,$58,"$4,148",12/9/2025
6874053,11/30/2023,,Imperial Spades,1000,LE,195th,$149,AlisaZet,N/A,N/A,9,$519,$275,$262,$161,"$2,358",11/24/2025
6958834,12/5/2023,,Femme Fleur,500,ULE,16th,$299,RIZA PEKER,N/A,N/A,12,$483,$234,$374,$234,"$4,483",12/13/2025
6846370,12/7/2023,,Astral Explorer,1000,LE,196th,$149,Nicebleed,N/A,N/A,29,$304,$205,$210,$64,"$6,098",8/14/2025
6874066,12/14/2023,,The White Dragon,1000,LE,197th,$149,Dungeons and Dragons,,Ancient White Dragon & Ice,81,$270,$184,$187,$119,"$15,128",1/30/2026
6961892,12/21/2023,,The Wisdom of Thoth,700,LE,198th,$149,Jonna Hyttinen,,Thoth God of Wisdom,9,$239,$156,$170,$91,"$1,527",11/27/2025
6648780,12/28/2023,,Alien vs. Predator,1000,LE,199th,$149,Alien vs Predator,N/A,N/A,38,$527,$241,$251,$124,"$9,531",12/28/2025
7047576,1/4/2024,,Roar of the Future,500,LE,200th,$149,Tobias Roetsch,N/A,N/A,7,$253,$141,$157,$117,"$1,099",8/18/2025
7047598,1/4/2024,,Tail of the Past,500,LE,200th,$149,Jonna Hyttinen,N/A,N/A,9,$166,$99,$106,$60,$953,10/28/2025
7047609,1/9/2024,,The Twilight Warrior,300,ULE,17th,$299,Dominik Mayer,N/A,N/A,26,$800,$522,$469,$280,"$12,187",11/27/2025
7108331,1/11/2024,,Japanese Beauty,1000,LE,201st,$149,Design Studio,N/A,N/A,1,$250,$250,$250,$250,$250,11/12/2024
7108402,1/18/2024,,Takoyaki Attack!,700,LE,202nd,$149,Ilustrata,,TAKOYAKI ATTACK,9,$327,$157,$212,$110,"$1,907",12/8/2025
7154552,1/25/2024,,The Unseen Rider,1000,LE,203rd,$149,Anato Finnstark,N/A,N/A,11,$300,$244,$193,$109,"$2,122",6/19/2025
7154555,2/1/2024,,Destination: Moon,500,LE,204th,$149,Tobias Roetsch,,A Portrait of the Solar System: Moon,30,$300,$172,$196,$104,"$5,889",2/1/2026
7108421,2/6/2024,,Fiery Waltz,500,ULE,18th,$299,Tatii Lange,N/A,N/A,30,$500,$445,$342,$99,"$10,264",1/12/2026
7154560,2/8/2024,,Meet the Mox,1000,LE,205th,$149,Cyberpunk 2077,N/A,N/A,42,$501,$289,$250,$116,"$10,485",1/2/2026
7108407,2/15/2024,,Jin vs Kazuya,1000,LE,206th,$149,TEKKEN,N/A,N/A,9,$357,$295,$180,$76,"$1,616",1/27/2026
7154426,2/22/2024,,Road of the Warrior,700,LE,207th,$149,Michal Dziekan,N/A,N/A,3,$386,$105,$197,$66,$592,10/13/2024
7213144,2/29/2024,,Reforge,700,LE,208th,$149,Rowynn Ellis,N/A,N/A,2,$155,$155,$115,$74,$229,7/22/2025
7154557,3/5/2024,,Atropos (3 out of 3),300,ULE,19th,$299,Anna Podedworna,N/A,N/A,30,$697,$361,$448,$319,"$13,431",11/23/2025
6846361,3/7/2024,,Intercessor Sergeant,1500,LE,209th,$149,Warhammer,N/A,N/A,20,$323,$118,$198,$81,"$3,969",12/12/2025
7222270,3/14/2024,,Whispers of Inari,700,LE,210th,$149,Ruby Art,,Fushimi Inari Japan Rubyar,53,$298,$144,$207,$126,"$10,985",1/5/2026
7108438,3/21/2024,,The Witch’s Dance,500,LE,211th,$149,Valmue,N/A,N/A,3,$248,$242,$183,$138,$550,10/21/2025
7222278,3/28/2024,,Stormcaller Raijin,700,LE,212th,$149,shidzaku,N/A,N/A,3,$300,$109,$188,$103,$563,6/10/2025
7235067,4/4/2024,,Blue Eye Samurai,1000,LE,213th,$149,Blue Eye Samurai,N/A,N/A,2,$280,$100,$190,$100,$380,9/10/2025
7235059,4/9/2024,,Twin Worlds,300,ULE,20th,$299,shidzaku,N/A,N/A,30,$850,$417,$491,$280,"$14,745",11/18/2025
7235082,4/11/2024,,The Witch’s Realm,200,LE,214th,$149,Valmue,N/A,N/A,8,$297,$288,$199,$130,"$1,590",10/21/2025
7274760,4/11/2024,,The Alien Queen,700,LE,215th,$149,Alien,N/A,N/A,20,$315,$156,$218,$130,"$4,359",1/15/2026
7282918,4/18/2024,,Nuka-Cola,1000,LE,216th,$149,Fallout,N/A,N/A,111,$850,$454,$304,$147,"$33,771",12/29/2025
7253513,4/19/2024,,In Leshen’s Domain,N/A,Lumino,10th,$299,Witcher 3,N/A,N/A,4,$341,$185,$223,$175,$892,8/29/2025
7282927,4/25/2024,,A New Understanding,500,LE,217th,$149,Calder Moore,N/A,N/A,3,$106,$102,$94,$71,$282,2/20/2025
7292026,5/2/2024,,Darth Maul,1500,LE,218th,$149,Star Wars,N/A,N/A,28,$275,$135,$165,$78,"$4,618",1/18/2026
7282997,5/7/2024,,Chant of Kitsune,500,ULE,21st,$299,Nicolas Castell,N/A,N/A,3,$620,$600,$402,$277,"$1,207",10/8/2025
7292079,5/9/2024,,Emperor of Mankind,1500,LE,219th,$149,Warhammer,N/A,N/A,58,"$1,033",$552,$307,$168,"$17,786",1/2/2026
7313087,5/16/2024,,Digital Ronin,500,LE,220th,$149,shidzaku,N/A,N/A,2,$299,$88,$181,$62,$361,2/4/2025
7315341,5/17/2024,,Presence of the Baron,N/A,Lumino,11th,$299,League of Legends,N/A,N/A,2,$400,$312,$312,$225,$625,5/5/2025
7289671,5/23/2024,,1mag1ne,1111,LE,221st,$149,Design Studio,N/A,N/A,4,$179,$159,$151,$112,$604,9/24/2025
7292072,5/23/2024,,Godzilla x Kong,1000,LE,222nd,$149,Godzilla x Kong. The New Empire,N/A,N/A,15,$256,$240,$195,$112,"$2,928",12/19/2025
7292064,5/30/2024,,Incendium,1000,LE,223rd,$149,Dominik Mayer,N/A,N/A,39,$326,$189,$177,$76,"$6,919",12/29/2025
7331808,6/4/2024,,The Radiant Temple,500,ULE,22nd,$299,Icosphere,N/A,N/A,47,$621,$475,$427,$177,"$20,062",1/3/2026
7344298,6/6/2024,,The Traveler,1000,LE,224th,$149,Destiny Game,N/A,N/A,57,$455,$236,$271,$80,"$15,465",11/29/2025
7344305,6/13/2024,,The Glacial Guardian,700,LE,225th,$149,Stefan Koidl,N/A,N/A,16,$244,$129,$182,$99,"$2,905",10/9/2025
7108428,6/20/2024,,The Guidance of Grace,1500,LE,226th,$149,ELDEN RING,N/A,N/A,148,$463,$279,$245,$124,"$36,250",1/27/2026
7368056,6/27/2024,,Child of the Beyond,500,LE,227th,$149,Regin Wellander,N/A,N/A,10,$497,$209,$253,$117,"$2,527",8/23/2025
7376515,7/2/2024,,Nocturnal Messenger,600,ULE,23rd,$299,Jonna Hyttinen,N/A,N/A,4,$500,$486,$460,$375,"$1,838",12/6/2025
7376525,7/4/2024,,Purring Fantasy,1000,LE,228th,$149,Louise Goalby,N/A,N/A,30,$399,$299,$256,$166,"$7,676",11/4/2025
7376541,7/11/2024,,London Skyline,700,LE,229th,$149,Studio 324,,Travel to London,0,,,,,,
7376546,7/18/2024,,Bamboo Forest,700,LE,230th,$149,Ruby Art,N/A,N/A,7,$331,$304,$243,$159,"$1,703",12/13/2025
7398528,7/18/2024,,Silver Bamboo Forest,700,LE,230th,$149,Ruby Art,N/A,N/A,7,$300,$148,$175,$60,"$1,226",1/5/2026
7389668,7/25/2024,,Deadpool & Wolverine,1200,LE,231st,$149,Marvel,N/A,N/A,68,$370,$55,$229,$53,"$15,555",1/14/2026
7413076,8/1/2024,,Hogwarts Castle,1700,LE,232nd,$149,Wizarding World,N/A,N/A,27,$438,$217,$227,$130,"$6,140",1/18/2026
7354461,8/2/2024,,Alduin’s Wrath,N/A,Lumino,12th,$299,The Elder Scrolls,N/A,N/A,1,$522,$522,$522,$522,$522,11/24/2024
7413071,8/6/2024,,Against the Void,500,ULE,24th,$299,Tobias Roetsch,N/A,N/A,10,$598,$475,$428,$214,"$4,282",10/11/2025
7413082,8/8/2024,,The Infernal Guardian,700,LE,233rd,$149,Stefan Koidl,N/A,N/A,4,$299,$271,$238,$153,$953,2/27/2025
7075237,8/15/2024,,Gilded Fury,700,LE,234th,$149,Adam Spizak,N/A,N/A,5,$350,$102,$203,$99,"$1,013",10/13/2025
7419498,8/22/2024,,The Dark Side,1500,LE,235th,$149,Star Wars,N/A,N/A,92,$350,$200,$235,$111,"$21,585",1/31/2026
7431042,8/29/2024,,Longma,500,LE,236th,$149,Rowynn Ellis,N/A,N/A,3,$206,$177,$189,$170,$568,6/20/2025
7449903,9/3/2024,,Celestial Union,500,ULE,25th,$299,Tatii Lange,N/A,N/A,3,$268,$152,$225,$150,$674,6/28/2025
7449858,9/5/2024,,Alien: Romulus,500,LE,237th,$149,Alien,N/A,N/A,27,$299,$167,$197,$128,"$5,318",12/11/2025
7466031,9/12/2024,,Vault Hunters,1000,LE,238th,$149,Borderlands,N/A,N/A,21,$542,$505,$258,$100,"$5,412",9/14/2025
7466217,9/19/2024,,Demetrian Titus,1500,LE,239th,$149,Warhammer,N/A,N/A,12,$210,$160,$148,$76,"$1,774",1/26/2026
7222263,9/26/2024,,The One Ring,2000,LE,240th,$149,Middle-Earth,N/A,N/A,136,$327,$222,$235,$147,"$32,015",1/31/2026
7467382,10/3/2024,,Innamoramento,1500,LE,241st,$149,Anato Finnstark,N/A,N/A,6,$366,$266,$262,$169,"$1,574",6/29/2025
7500305,10/8/2024,,The Final Dusk,500,ULE,26th,$299,Benny Productions,N/A,N/A,5,$625,$401,$437,$347,"$2,183",9/16/2025
7467394,10/10/2024,,Lilith Returns,1000,LE,242nd,$149,Diablo,N/A,N/A,15,$269,$90,$157,$54,"$2,360",1/14/2026
7500312,10/17/2024,,Wicked Carvings,200,LE,243rd,$149,Luphalia,N/A,N/A,18,$251,$176,$194,$128,"$3,487",12/18/2025
7500325,10/24/2024,,"Hello, Wasteland!",1500,LE,244th,$149,Fallout Series,N/A,N/A,17,$299,$97,$202,$56,"$3,430",1/14/2026
7481360,10/25/2024,,Order 66,N/A,Lumino,13th,$299,Star Wars,N/A,N/A,3,$385,$384,$297,$182,$892,10/17/2025
7500329,10/31/2024,,Venom,1500,LE,245th,$149,Marvel,N/A,N/A,6,$279,$173,$184,$82,"$1,106",1/4/2026
7500372,11/5/2024,,Libera,500,ULE,27th,$299,Anato Finnstark,N/A,N/A,4,$500,$362,$414,$300,"$1,655",6/11/2025
7500377,11/7/2024,,The Joker,1000,LE,246th,$149,DC Comics,N/A,N/A,35,$543,$466,$295,$132,"$10,327",1/26/2026
7481455,11/9/2024,,Janna's Temple,N/A,Lumino,14th,$299,Arcane,N/A,N/A,29,"$1,466",$784,$953,$609,"$27,651",12/28/2025
7595936,11/14/2024,,Warden of the Wild,700,LE,247th,$149,Tatii Lange,N/A,N/A,2,$270,$186,$207,$144,$414,8/7/2025
7530856,11/21/2024,,The Holy Tree,1000,LE,248th,$149,Tobias Roetsch,N/A,N/A,5,$317,$214,$238,$125,"$1,188",8/3/2025
7543835,11/28/2024,,Darth Vader™,2000,LE,249th,$149,Star Wars,N/A,N/A,13,$270,$192,$190,$117,"$2,475",12/18/2025
7544702,12/3/2024,,Harmony of Mana,500,ULE,28th,$299,Magic The Gathering,N/A,N/A,9,$650,$574,$460,$343,"$4,144",7/10/2025
7498264,12/5/2024,,Golden Sentinel,1000,LE,250th,$149,Icosphere,N/A,N/A,1,$170,$170,$170,$170,$170,5/6/2025
7670787,12/5/2024,,The Winter Spark,500,LE,251st,$149,Luphalia,N/A,N/A,1,$425,$425,$425,$425,$425,4/12/2025
7481498,12/6/2024,,The Last City,N/A,Lumino,15th,$299,Destiny Game,N/A,N/A,2,$550,$490,$400,$250,$800,11/17/2025
7500344,12/12/2024,,The Path to Mordor,1500,LE,252nd,$149,Middle-Earth,N/A,N/A,30,$362,$223,$213,$153,"$6,398",1/29/2026
7601568,12/15/2024,,Ancient Black Dragon,1500,LE,253rd,$149,Dungeons and Dragons,N/A,N/A,14,$299,$242,$207,$119,"$2,893",1/29/2026
7646041,12/26/2024,,Megatron,1000,LE,254th,$149,Transformers,N/A,N/A,2,$255,$253,$248,$241,$496,4/17/2025
7646028,1/2/2025,,Stripes and Tides,1000,LE,255th,$149,Louise Goalby,N/A,N/A,6,$230,$102,$159,$82,$956,1/14/2026
7615994,1/9/2025,,Blades From Above,1500,LE,256th,$149,Dungeons and Dragons,N/A,N/A,1,$150,$150,$150,$150,$150,12/13/2025
7645999,1/14/2025,,Stargazer,500,ULE,29th,$299,AlisaZet,N/A,N/A,5,$550,$317,$393,$300,"$1,966",7/10/2025
7865554,1/16/2025,,Eradication Day,500,LE,257th,$149,Stanislav Lunin,N/A,N/A,1,$160,$160,$160,$160,$160,9/23/2025
7883239,1/23/2025,,Tiger Pond (Silver),350,LE,258th,$149,Ruby Art,N/A,N/A,6,$243,$149,$167,$115,"$1,002",1/5/2026
7883242,1/23/2025,,Tiger Pond (Holo),350,LE,259th,$149,Ruby Art,N/A,N/A,15,$400,$293,$194,$117,"$2,916",12/13/2025
7886396,1/23/2025,,Shinobi Showdown,2000,LE,260th,$149,Naruto,N/A,N/A,9,$232,$203,$190,$119,"$1,713",8/21/2025
7890084,1/30/2025,,Welcome to Hill Valley,1000,LE,261st,$149,Back To The Future,N/A,N/A,4,$323,$185,$236,$160,$943,1/8/2026
7890046,2/4/2025,,Moonlit Ascent,500,ULE,30th,$299,Icosphere,N/A,N/A,6,$605,$220,$379,$200,"$2,275",10/29/2025
7921549,2/6/2025,,Flamefully Yours,200,LE,262nd,$149,Luphalia,N/A,N/A,6,$278,$223,$228,$146,"$1,370",9/2/2025
7921556,2/6/2025,,Fangs of Wisdom,500,LE,263rd,$149,AlisaZet,N/A,N/A,0,,,,,,
7946332,2/13/2025,,New Creed Rises,1500,LE,264th,$149,Assassin's Creed,N/A,N/A,1,$238,$238,$238,$238,$238,6/15/2025
7948454,2/20/2025,,The Last Agni Kai,1000,LE,265th,$149,Avatar: The Last Airbender,N/A,N/A,35,$330,$270,$249,$186,"$8,702",8/23/2025
7948490,2/20/2025,,Friends in High Places,700,LE,266th,$149,Nicebleed,N/A,N/A,13,$270,$196,$193,$116,"$2,512",11/1/2025
7968666,2/27/2025,,The Eternal Guardian,700,LE,267th,$149,Stefan Koidl,N/A,N/A,0,,,,,,
7984649,3/4/2025,,Forgotten Voyage,500,ULE,31st,$299,Fabien SALVALAGGIO,N/A,N/A,1,$400,$400,$400,$400,$400,10/3/2025
7921844,3/6/2025,,Lucky Paws Daruma,700,LE,268th,$149,Ruby Art,N/A,N/A,0,,,,,,
7965093,3/13/2025,,Ghal Maraz,1500,LE,269th,$149,Warhammer,N/A,N/A,0,,,,,,
8020159,3/13/2025,,Blood Moon,700,LE,270th,$149,Tobias Roetsch,N/A,N/A,12,$340,$223,$232,$193,"$2,784",7/22/2025
8023130,3/20/2025,,Johnny's Porsche 911,2000,LE,271st,$149,Cyberpunk 2077,N/A,N/A,87,$577,$280,$236,$158,"$20,563",1/30/2026
8023139,3/27/2025,,Millennium Falcon,1500,LE,272nd,$149,Star Wars,N/A,N/A,17,$422,$223,$222,$89,"$3,777",1/14/2026
8071419,4/3/2025,,Son Goku,1500,LE,273rd,$149,Dragon Ball Z,N/A,N/A,17,$547,$405,$288,$140,"$4,900",1/6/2026
8026044,4/8/2025,,Chant of the Deep,500,ULE,32nd,$299,Louise Goalby,N/A,N/A,2,$400,$394,$394,$387,$787,10/3/2025
8026073,4/10/2025,,Frostmourne,1000,LE,274th,$149,World Of Warcraft,N/A,N/A,34,$302,$196,$207,$122,"$7,039",1/25/2026
8026102,4/17/2025,,The Caped Crusader,1000,LE,275th,$149,DC Comics,N/A,N/A,26,$600,$260,$339,$104,"$8,821",1/14/2026
8092695,4/24/2025,,The Belmont Legacy,1000,LE,276th,$149,Castlevania,N/A,N/A,1,$167,$167,$167,$167,$167,1/15/2026
8100465,5/1/2025,,Yoda vs Darth Sidious,1500,LE,277th,$149,Star Wars,N/A,N/A,7,$260,$222,$213,$168,"$1,490",1/9/2026
8100738,5/6/2025,,Cerberus,300,ULE,33rd,$299,Jonna Hyttinen,N/A,N/A,1,$500,$500,$500,$500,$500,11/11/2025
8119852,5/8/2025,,Lost in Scarlet,700,LE,278th,$149,Nicebleed,N/A,N/A,3,$225,$186,$192,$131,$576,11/13/2025
8026093,5/15/2025,,The Witch’s Wargs,200,LE,279th,$149,Valmue,N/A,N/A,0,,,,,,
8132789,5/22/2025,,Spartan’s Legacy,1000,LE,280th,$149,Halo Game,N/A,N/A,1,$170,$170,$170,$170,$170,9/6/2025
8132949,5/29/2025,,Harley Quinn,1000,LE,281st,$149,DC Comics,N/A,N/A,8,$376,$280,$252,$100,"$2,017",1/14/2026
8132776,6/3/2025,,Astral Bloom,500,ULE,34th,$299,Nicebleed,N/A,N/A,0,,,,,,
8132955,6/5/2025,,Doom Slayer,1000,LE,282nd,$149,DOOM,N/A,N/A,0,,,,,,
8132957,6/5/2025,,Prince Ahzrak,1000,LE,283rd,$149,DOOM,N/A,N/A,0,,,,,,
8132841,6/12/2025,,Don’t Go In the Water,1000,LE,284th,$149,JAWS movie,N/A,N/A,2,$329,$310,$280,$231,$560,11/11/2025
8177797,6/12/2025,,Spirit Blossom Ahri,1500,LE,285th,$149,League of Legends,N/A,N/A,8,$303,$250,$247,$219,"$1,980",1/5/2026
8177929,6/19/2025,,Wake of Twin Tides,700,LE,286th,$149,AlisaZet,N/A,N/A,1,$308,$308,$308,$308,$308,9/8/2025
8184744,6/26/2025,,John Wick’s Mustang,1500,LE,287th,$149,John Wick,N/A,N/A,3,$425,$289,$302,$231,$905,11/10/2025
8132725,7/3/2025,,Majin Vegeta,1000,Event Exclusive,1st,$99,Dragon Ball Z,N/A,N/A,22,$400,$135,$228,$61,"$5,022",1/23/2026
8132817,7/3/2025,,The Legend of Goku,1000,Event Exclusive,2nd,$99,Dragon Ball,N/A,N/A,20,$256,$149,$165,$85,"$3,301",1/14/2026
8132825,7/3/2025,,Flames of Marineford,1000,Event Exclusive,3rd,$99,One Piece,N/A,N/A,44,$305,$178,$184,$86,"$8,078",1/31/2026
8226109,7/3/2025,,Solo Leveling: Arise,1000,LE,288th,$149,Solo Leveling,N/A,N/A,47,$500,$319,$298,$206,"$13,994",11/13/2025
8219804,7/8/2025,,Golden Archangel,500,ULE,35th,$299,Asur-Misoa,N/A,N/A,1,$740,$740,$740,$740,$740,11/24/2025
8229430,7/10/2025,,The Four Houses,1000,LE,289th,$149,Wizarding World,N/A,N/A,12,$289,$210,$216,$185,"$2,588",12/30/2025
8229971,7/17/2025,,Dame Aylin,1000,LE,290th,$149,Dungeons and Dragons,N/A,N/A,5,$332,$192,$229,$151,"$1,146",1/13/2026
8132834,7/24/2025,,The Mandalorian,1000,Event Exclusive,4th,$99,Star Wars,N/A,N/A,31,$386,$175,$231,$40,"$7,163",1/18/2026
8236659,7/24/2025,,Devourer of Worlds,1500,LE,291st,$149,Marvel,N/A,N/A,2,$235,$227,$230,$225,$460,11/27/2025
8231237,7/31/2025,,Miles & Gwen,1000,LE,292nd,$149,Marvel,N/A,N/A,14,$344,$285,$252,$130,"$3,522",1/14/2026
8259406,8/5/2025,,King Arthur,500,ULE,36th,$299,Dominik Mayer,N/A,N/A,0,,,,,,
8259398,8/7/2025,,The Mothkeeper,500,LE,293rd,$149,Regin Wellander,N/A,N/A,0,,,,,,
8259420,8/14/2025,,Sanguinius In Memoriam,1000,LE,294th,$149,Warhammer,N/A,N/A,56,$599,$407,$306,$214,"$17,158",1/16/2026
8259449,8/21/2025,,Xenomorph Rising,700,LE,295th,$149,Alien,N/A,N/A,10,$254,$202,$206,$131,"$2,060",12/9/2025
8132803,8/28/2025,,Runic Turtle,500,LE,296th,$149,Louise Goalby,N/A,N/A,0,,,,,,
8428786,9/2/2025,,The Emperor,500,ULE,37th,$299,AlisaZetArt,N/A,N/A,2,$645,$214,$402,$160,$805,1/26/2026
8323199,9/4/2025,,The Ripper Queen,700,LE,297th,$149,Borderlands,N/A,N/A,4,$253,$250,$244,$230,$977,11/14/2025
8323254,9/11/2025,,The Roar of Night City,1500,LE,298th,$149,Cyberpunk 2077,N/A,N/A,11,$300,$227,$232,$152,"$2,557",12/13/2025
8429274,9/18/2025,,Taniks,1000,LE,299th,$149,Destiny Game,N/A,N/A,0,,,,,,
8391984,9/25/2025,,Luffy Gear 5,2000,LE,300th,$149,One Piece Anime Global,N/A,N/A,97,$412,$296,$286,$195,"$27,764",1/31/2026
8395792,10/2/2025,,"Sauron, the Dark Lord",1000,LE,301st,$149,Middle-Earth,N/A,N/A,7,$275,$191,$208,$172,"$1,456",2/1/2026
8482168,10/7/2025,,The Place of Creation,500,ULE,38th,$299,Tobias Roetsch,N/A,N/A,0,,,,,,
8395870,10/9/2025,,Luke vs. the Wampa,1000,LE,302nd,$149,Star Wars,N/A,N/A,1,$238,$238,$238,$238,$238,12/12/2025
8395341,10/16/2025,,"Malenia, Blade of Miquella",1500,LE,303rd,$149,ELDEN RING,N/A,N/A,9,$243,$206,$206,$134,"$1,855",2/1/2026
8224635,10/23/2025,,Nuka Cherry Girl,1000,LE,304th,$149,Fallout,N/A,N/A,78,$338,$219,$232,$161,"$18,134",1/31/2026
8482611,10/30/2025,,Illidan Stormrage,1200,LE,305th,$149,World Of Warcraft,N/A,N/A,6,$275,$243,$241,$212,"$1,449",1/6/2026
8628630,11/4/2025,,Tales of Olympus,500,ULE,39th,$299,ItsHugosNook,N/A,N/A,0,,,,,,
8391625,11/6/2025,,Spirit Blossom Akali,1000,LE,306th,$149,League of Legends,N/A,N/A,0,,,,,,
8482206,11/13/2025,,Show No Fear,700,LE,307th,$149,Call of Duty,N/A,N/A,2,$101,$101,$101,$100,$201,1/5/2026
8482620,11/20/2025,,One Last Adventure,1000,LE,308th,$149,Stranger Things Series,N/A,N/A,13,$399,$290,$287,$194,"$3,731",1/22/2026
8704027,11/25/2025,,The Unending Trial,700,ULE,40th,$299,VaatiVidya,N/A,N/A,0,,,,,,
8323180,11/27/2025,,Red Five Standing By,1700,LE,309th,$149,Star Wars,N/A,N/A,1,$220,$220,$220,$220,$220,1/30/2026
8629622,12/2/2025,,Tiamat,500,ULE,41st,$299,Dungeons and Dragons,N/A,N/A,39,$600,$494,$500,$412,"$19,515",1/29/2026
8629658,12/4/2025,,Geralt vs. Fiend,1000,LE,310th,$149,Witcher 3,N/A,N/A,3,$263,$232,$232,$199,$697,1/4/2026
8323185,12/11/2025,,Hogwarts Summons,1700,LE,311th,$149,Wizarding World,N/A,N/A,0,,,,,,
8629636,12/12/2025,,Fulgrim,1500,LE,312th,$149,Warhammer,N/A,N/A,7,$360,$271,$269,$208,"$1,885",1/30/2026
8482626,12/25/2025,,The Ocean Spirit,1000,LE,313th,$149,Avatar: The Last Airbender,N/A,N/A,0,,,,,,
8629610,1/1/2026,,Engage!,1000,LE,314th,$149,Star Trek,N/A,N/A,0,,,,,,
8629704,1/6/2026,,Archangel of Plenty,500,ULE,42nd,$299,Asur Misoa,N/A,N/A,0,,,,,,
8491446,1/8/2026,,Life Finds a Way,700,LE,315th,$149,Jurassic World,N/A,N/A,4,$262,$248,$246,$233,$983,1/25/2026
8628654,1/15/2026,,Echoing Falls,700,LE,316th,$149,David Conley,N/A,N/A,0,,,,,,
9263470,1/22/2026,,Roronoa Zoro,2000,LE,317th,$149,One Piece,N/A,N/A,15,$350,$245,$245,$207,"$3,677",2/1/2026
8703894,1/29/2026,,Blue Dragon,1000,LE,318th,$149,Dungeons and Dragons,N/A,N/A,0,,,,,,
9379623,2/3/2026,,Withering Grace,300,ULE,43rd,$299,RIZA PEKER,N/A,N/A,0,,,,,,
9272521,2/5/2026,,Godzilla vs. King Ghidorah,700,LE,319th,$149,Godzilla Classic,N/A,N/A,0,,,,,,